{
  "timestamp": "2026-02-10T16:29:49.974764",
  "strategy": "RGB_EUCLIDEAN",
  "lut_path": "./output/lumina_lut.npy",
  "color_mode": "CMYW",
  "parameters": {
    "target_width_mm": 50.0,
    "quantize_colors": 64,
    "auto_bg": false,
    "bg_tol": 30,
    "blur_kernel": 0,
    "smooth_sigma": 10.0
  },
  "samples": [
    {
      "success": true,
      "duration_ms": 487.98,
      "matched_rgb_hash": "sha256:0559730e7e8e48af0cbe240355f0944825452f8171a4acb453b45bcec8dfaa47",
      "unique_color_count": 25,
      "perceptual_error": {
        "mean_error": 12.98681640625,
        "max_error": 243.73756408691406,
        "std_error": 7.943233489990234
      },
      "dimensions": {
        "width": 500,
        "height": 375
      },
      "solid_pixel_count": 187500,
      "name": "sample1_portrait.png",
      "index": 1
    },
    {
      "success": true,
      "duration_ms": 458.14,
      "matched_rgb_hash": "sha256:4b11897e24ee7225eb993448feac5fad928dde82dd67c89ae4674c7e1473102e",
      "unique_color_count": 8,
      "perceptual_error": {
        "mean_error": 130.38412475585938,
        "max_error": 307.4313049316406,
        "std_error": 45.86064910888672
      },
      "dimensions": {
        "width": 500,
        "height": 375
      },
      "solid_pixel_count": 187500,
      "name": "sample2_high_saturation.png",
      "index": 2
    },
    {
      "success": true,
      "duration_ms": 496.14,
      "matched_rgb_hash": "sha256:59a22a54815b3dcb38b2ce75c74d3ed9b95a18611474750a62d7347618232ebc",
      "unique_color_count": 11,
      "perceptual_error": {
        "mean_error": 20.955060958862305,
        "max_error": 69.46942138671875,
        "std_error": 14.961041450500488
      },
      "dimensions": {
        "width": 500,
        "height": 375
      },
      "solid_pixel_count": 187500,
      "name": "sample3_low_contrast.png",
      "index": 3
    }
  ],
  "statistics": {
    "total_samples": 3,
    "total_duration_ms": 1442.26,
    "mean_duration_ms": 480.75,
    "mean_unique_colors": 14.67,
    "mean_perceptual_error": 54.78
  }
}